genus	genome_size
Abiotrophia	2045984
Abyssalbus	4365036
Abyssibius	3208812
Abyssicoccus	1745789
Abyssogena	1542177
Acanthamoeba	1162582
Acaryochloris	7594200
Aceticella	2267618
Acetilactobacillus	1616430
Acetivibrio	3826666
Acetoanaerobium	2715461
Acetobacter	3312181
Acetobacterium	3946033
Acetohalobium	2469596
Acetomicrobium	2160700
Acholeplasma	1517810
Achromobacter	6615439
Acidaminococcus	2364007
Acidianus	2478954
Acidibrevibacterium	4037611
Acididesulfobacillus	4520225
Acidiferrobacter	3350334
Acidihalobacter	3566941
Acidilobus	1517751
Acidilutibacter	3743723
Acidimicrobium	2158157
Acidiphilium	4200088
Acidipropionibacterium	3435022
Acidisarcina	7600726
Acidisoma	4991095
Acidithiobacillus	3019256
Acidobacterium	4127356
Acidocella	3735595
Acidothermus	2443540
Acidovorax	4844536
Aciduliprofundum	1461934
Aciduricibacillus	2730537
Acinetobacter	3947170
Actibacterium	4147426
Actimicrobium	4150713
Actinacidiphila	8930867
Actinarchaeum	3748090
Actinoallomurus	11795300
Actinoalloteichus	6826418
Actinobacillus	2331065
Actinobaculum	2768961
Actinocatenispora	7235466
Actinokineospora	7750257
Actinomadura	9958593
Actinomarinicola	3715454
Actinomyces	3052267
Actinomycetospora	6022264
Actinoplanes	9883312
Actinopolyspora	5243930
Actinosynnema	8189858
Actinotalea	3546809
Actinotignum	2106661
Actomonas	6109182
Acuticoccus	5345557
Adhaeretor	5996859
Adhaeribacter	6580763
Adlercreutzia	2900307
Advenella	4074667
Aedoeadaptatus	1587771
Aegicerativicinus	4094245
Aeoliella	6608792
Aequoribacter	3095392
Aequorivita	3472432
Aeribacillus	3988522
Aerococcus	2025481
Aeromicrobium	3544534
Aeromonas	4803526
Aeropyrum	1632845
Aerosticca	2874969
Aestuariibaculum	3759988
Aestuariibius	3520587
Aestuariispira	4361962
Afipia	3806298
Agaribacterium	4280525
Agarilytica	7113812
Agarivorans	4764175
Agathobacter	3637827
Agathobaculum	4005854
Aggregatibacter	2173381
Aggregatimonas	4723614
Agreia	3436992
Agrobacterium	5685280
Agrococcus	2795440
Agromyces	3713646
Ahniella	6120935
Ahrensia	3860280
Akkermansia	2858828
Alcaligenes	4151784
Alcanivorax	3107780
Algibacter	4334475
Algicella	3994758
Algihabitans	4739774
Algimonas	3169281
Algoriphagus	5095659
Aliamphritea	5210777
Aliarcobacter	2174231
Alicycliphilus	4907930
Alicyclobacillus	4485790
Aliiglaciecola	4411932
Aliirhizobium	5885686
Aliiroseovarius	3351828
Aliivibrio	4553396
Alistipes	3450649
Alkalibacter	2449552
Alkalibacterium	2514473
Alkalicella	3695371
Alkalicoccus	3694897
Alkalihalobacillus	4297489
Alkalihalophilus	4104658
Alkalilimnicola	3275944
Alkalimarinus	4589650
Alkaliphilus	3972021
Alkalitalea	4775573
Alloacidobacterium	6271114
Alloactinosynnema	7405112
Alloalcanivorax	4732468
Allobacillus	2700297
Allobaculum	2936281
Allobranchiibius	3552513
Allochromatium	3526844
Allocoleopsis	7966510
Allofrancisella	1695399
Allomeiothermus	3721669
Allomuricauda	3842422
Allorhizobium	5848248
Allosaccharopolyspora	4832009
Alloyangia	5231728
Alteracholeplasma	1554229
Altererythrobacter	2978792
Alteriqipengyuania	2718770
Alteromonas	4636408
Alysiella	2565669
Amedibacterium	2742197
Aminipila	3199364
Aminithiophilus	3108337
Aminobacter	6410457
Aminobacterium	2204211
Ammonifex	2157067
Amniculibacterium	2839245
Amorphoplanes	9376071
Amphibacillus	2569486
Amphritea	4172521
Amycolatopsis	9738663
Amygdalobacter	1542647
Amylibacter	3452935
Amylolactobacillus	1610352
Anabaena	6291048
Anaerobacillus	5227144
Anaerobutyricum	3590189
Anaerococcus	1950891
Anaerocolumna	5936457
Anaerohalosphaera	4250973
Anaerolinea	3532378
Anaeromicropila	5089009
Anaeromyxobacter	5282217
Anaeropeptidivorans	3757330
Anaerostipes	3250860
Anaerotignum	3112627
Anaerotruncus	3536288
Anaplasma	1381101
Anatilimnocola	9007740
Ancylobacter	4672467
Anderseniella	4613965
Aneurinibacillus	4213961
Anoxybacillus	3377462
Anoxybacter	3557532
Anseongella	4322684
Antarcticibacterium	4048621
Antarctobacter	5331190
Anthocerotibacter	4187797
Antiquaquibacter	2895552
Apibacter	2503496
Apilactobacillus	1522967
Aquabacterium	4256308
Aquaspirillum	3962240
Aquella	2820660
Aquibium	5716912
Aquicella	2729040
Aquicoccus	3785774
Aquifex	1590791
Aquihabitans	4938963
Aquiluna	1411027
Aquimarina	5214529
Aquincola	7110107
Aquipluma	5712279
Aquirhabdus	3777352
Aquirufa	2691671
Aquisalimonas	3972634
Aquisediminimonas	3406525
Aquisphaera	10526296
Aquitalea	4515121
Arachidicoccus	4566810
Arachnia	3380534
Arcanobacterium	1966818
Archaeoglobus	2007396
Archangium	12719171
Arcobacter	2874244
Arcticibacter	4865459
Arcticibacterium	5379839
Arenibacter	5275894
Aristaeella	3420564
Aristophania	2042557
Aromatoleum	4719461
Arsenicicoccus	3525271
Arsenophonus	4014850
Arthrobacter	4293490
Asaia	3198265
Ashbya	8867527
Asticcacaulis	4138438
Athalassotoga	2044999
Atlantibacter	4543434
Atopobium	3004013
Atribacter	3101225
Aurantiacibacter	2928390
Aurantibacillus	4604442
Aurantimicrobium	1640239
Aurantimonas	4427212
Aureibacter	6171275
Aureibaculum	5168958
Aureimonas	4398723
Aureispira	7592392
Aureliella	8439957
Auritidibacter	2707113
Australozyma	12068158
Austwickia	3631970
Avibacterium	2474575
Azoarcus	5043414
Azonexus	3772213
Azorhizobium	5369772
Azospira	3700883
Azospirillum	7319413
Azotobacter	5308290
Babesia	8084719
Bacillus	4525416
Bacterioplanes	4293726
Bacterioplanoides	3904512
Bacteriovorax	3845590
Bacteroides	5701353
Baekduia	5537748
Barnesiella	3076856
Barrientosiimonas	3684144
Bartonella	2091244
Basfia	2253194
Basilea	1959069
Bathymodiolus	2832685
Bdellovibrio	3781798
Beggiatoa	4265833
Beijerinckia	4418616
Belliella	4196595
Bergeyella	2095621
Bermanella	3550395
Bernardetia	5500422
Berryella	1967093
Beutenbergia	4669183
Bibersteinia	2398337
Bifidobacterium	2311905
Billgrantia	4753533
Bisgaardia	2125638
Bizionia	3362199
Blastobotrys	13192792
Blastochloris	3781020
Blastococcus	4472258
Blastomonas	3788376
Blautia	4618560
Bodo	1385869
Bombilactobacillus	1658154
Bombiscardovia	1937113
Bordetella	4212157
Borrelia	1376966
Borreliella	1193429
Bosea	6159800
Boudabousia	2207832
Brachybacterium	3813248
Brachyspira	2878498
Bradymonas	5045683
Bradyrhizobium	8794554
Bremerella	6703258
Brenneria	4940398
Breoghania	5029620
Brettanomyces	11633950
Brevefilum	2574431
Brevibacillus	5585013
Brevibacterium	3924149
Brevundimonas	3340966
Breznakiella	4646109
Brochothrix	2594318
Brooklawnia	3211969
Brucella	3447394
Brucepastera	3239032
Buchananella	2372859
Bulleidia	1545033
Burkholderia	7214410
Buttiauxella	5077259
Butyricimonas	4861267
Butyrivibrio	4294654
Caballeronia	7550432
Caenibius	3924783
Caldalkalibacillus	3344914
Caldanaerobacter	2689445
Caldibacillus	4016170
Caldicellulosiruptor	2713581
Caldichromatium	2989870
Caldifermentibacillus	3963053
Caldilinea	5144873
Caldimicrobium	1814952
Caldimonas	4576519
Caldinitratiruptor	3599694
Caldisericum	1558103
Caldisphaera	1546846
Calditerrivibrio	2216552
Caldithrix	4978541
Caldivirga	2077567
Caloramator	2771920
Caloranaerobacter	2539490
Calothrix	6597402
Caminibacter	1778726
Caminicella	2482259
Campylobacter	1728498
Candida	13600298
Candidatus	2096683
Candidozyma	12385476
Capillimicrobium	5953270
Capnocytophaga	2714029
Caproicibacter	3763879
Caproicibacterium	2445973
Caproiciproducens	3377115
Capsulimonas	7645051
Carboxydocella	2678168
Carboxydochorda	3313549
Carboxydothermus	2401520
Cardinium	1176996
Cardiobacterium	2649060
Carnobacterium	2940002
Casimicrobium	4465898
Castellaniella	3659748
Catalinimonas	7134482
Catellatospora	8595826
Catenibacterium	2650196
Catenovulum	4692771
Catenulispora	10467782
Caulobacter	4530019
Cedecea	5026492
Celeribacter	4074510
Celerinatantimonas	4005136
Cellulomonas	4075550
Cellulophaga	4229075
Cellulosilyticum	4747005
Cellulosimicrobium	4492155
Cellvibrio	4958174
Cereibacter	4630552
Cetobacterium	3194963
Chakrabartyella	3403101
Changchengzhania	4130958
Changpingibacter	2661583
Chania	5488183
Chelativorans	5762282
Chelatococcus	4669454
Chenggangzhangella	5542510
Chimaeribacter	5012635
Chitinibacter	3587729
Chitinimonas	5470587
Chitiniphilus	4354380
Chitinolyticbacter	4325960
Chitinophaga	7660665
Chlamydia	1091735
Chlamydiifrater	1203946
Chlamydophila	1160112
Chloracidobacterium	3719482
Chlorobaculum	2370313
Chlorobium	2638044
Chloroflexus	4971736
Chloroherpeton	3293456
Chondrinema	10142296
Chondromyces	11388132
Chordicoccus	3267205
Christensenella	2836788
Christiangramia	3712162
Chromobacterium	4934278
Chromohalobacter	3645907
Chroococcidiopsis	6822580
Chryseobacterium	4565350
Chryseoglobus	2544477
Chryseolinea	8241389
Chryseomicrobium	2710361
Ciceribacter	5043386
Citricoccus	3411934
Citrifermentans	4536821
Citrobacter	5246615
Citromicrobium	3258499
Claveliimonas	3152416
Clavibacter	3259956
Clavispora	12091462
Cloacibacillus	3585187
Cloacibacterium	2763413
Clostridioides	4162890
Clostridium	3929178
Cnuibacter	4351649
Cobetia	4198923
Cognaticolwellia	4661274
Cognatishimia	3232164
Cohnella	7235198
Collimonas	5311555
Collinsella	2290263
Colwellia	4718889
Comamonas	5098249
Commensalibacter	1992245
Companilactobacillus	2548036
Conchiformibius	2151685
Conexibacter	4484593
Conexivisphaera	1593902
Constantimarinum	2987299
Coprobacter	3808002
Coprococcus	3243096
Coprothermobacter	1424912
Coraliomargarita	4567421
Coralliovum	3918007
Corallococcus	9556594
Coriobacterium	2115681
Corynebacterium	2556715
Costertonia	3910334
Cotonvirus	1476527
Couchioplanes	8421026
Coxiella	1992946
Coxiella-like	1507337
Crassaminicella	3476204
Crinalium	5620407
Croceibacter	2973663
Croceibacterium	3358068
Croceicoccus	3844078
Croceimicrobium	4035598
Crocosphaera	5460377
Cronobacter	4538659
Crossiella	9170171
Cruoricaptor	2120336
Cryobacterium	4165827
Cryptobacterium	1617804
Cryptosporidium	9172050
Cuniculiplasma	1908807
Cupriavidus	7180408
Curtobacterium	3697201
Cutibacterium	2532977
Cyanobacterium	3436479
Cyanobium	2942169
Cyberlindnera	12292641
Cyclobacterium	6062119
Cycloclasticus	2482930
Cyclonatronum	4294247
Cylindrospermopsis	3870103
Cysteiniphilum	2690761
Cystobacter	12349744
Cytobacillus	5171910
Cytophaga	4433218
Dactylococcopsis	3781008
Dactylosporangium	11404317
Debaryomyces	12959024
Debaryomycetaceae	11144167
Dechloromonas	3957775
Deefgea	3520539
Deferribacter	2542933
Defluviicoccus	4226795
Defluviimonas	4339523
Defluviitalea	3014560
Defluviitoga	2053097
Dehalobacter	3277489
Dehalobacterium	3766545
Dehalococcoides	1409604
Dehalogenimonas	1920877
Deinococcus	3685739
Delftia	6756008
Demequina	2948644
Denitratisoma	4293412
Denitrificimonas	2830546
Denitrobacterium	2446250
Denitrovibrio	3222077
Dermabacter	2345616
Dermacoccus	3097137
Dermatobacter	4661060
Dermatophilus	2627820
Desemzia	2419701
Desulfarculus	3655731
Desulfatibacillum	6517073
Desulfitobacterium	4425788
Desulfobacca	3282536
Desulfobacula	5197905
Desulfobaculum	3388342
Desulfobulbus	3242766
Desulfocapsa	4023512
Desulfococcus	4455687
Desulfocurvibacter	4200534
Desulfofarcimen	4545624
Desulfoferula	4479191
Desulfofundulus	3601386
Desulfofustis	4232141
Desulfoglaeba	3365583
Desulfohalobium	2909567
Desulfolithobacter	3596428
Desulfoluna	6263790
Desulfolutivibrio	4309054
Desulfomarina	4307339
Desulfomicrobium	3531203
Desulfomonile	6527027
Desulfonema	7467911
Desulfopila	6316145
Desulforamulus	3605766
Desulforapulum	5657782
Desulfosarcina	6968258
Desulfoscipio	4558367
Desulfosediminicola	6202510
Desulfosporosinus	5242609
Desulfosudis	3944167
Desulfotalea	3659634
Desulfotomaculum	2892255
Desulfovibrio	3486254
Desulfurispirillum	2940685
Desulfurivibrio	3097763
Desulfurobacterium	1541968
Desulfurococcus	1354659
Desulfuromonas	3952389
Devosia	4140979
Devriesea	2958880
Dialister	2000622
Diaminobutyricibacter	4196112
Diaminobutyricimonas	3222608
Diaphorobacter	4698746
Dichelobacter	1389350
Dickeya	4902892
Dictyoglomus	1907773
Dietzia	3809994
Dinoroseobacter	4488086
Dissulfurimicrobium	2025450
Dissulfurispira	2370875
Dokdonella	4446619
Dokdonia	3402483
Dolichospermum	5565360
Dolosigranulum	1959559
Domibacillus	5102716
Dongshaea	5112152
Dorea	3183613
Draconibacterium	4895399
Duffyella	4451035
Duganella	6448098
Duncaniella	3384950
Dyadobacter	6778791
Dyella	4690203
Dysgonomonas	4494898
Dysosmobacter	3576111
Echinicola	5825760
Ectobacillus	3893080
Ectothiorhodospira	3550080
Edaphobacter	4545388
Edwardsiella	3879421
Effusibacillus	3454394
Eggerthella	3512905
Egibacter	4637169
Egicoccus	3980161
Ehrlichia	1339483
Eikenella	2209172
Eleftheria	7032382
Elioraea	3367643
Elizabethkingia	4096696
Elusimicrobium	1643562
Emergencia	4384998
Empedobacter	3348669
Emticicia	5198925
Encephalitozoon	2715012
Endomicrobium	1588979
Endozoicomonas	6357094
Ensifer	7581947
Enterobacter	5030562
Enterocloster	6441990
Enterococcus	3010620
Entomobacter	2701842
Entomomonas	3300104
Entomospira	1769644
Ephemeroptericola	2723407
Epidermidibacterium	4018808
Epilithonimonas	3527870
Eremothecium	9050642
Erwinia	4487110
Erysipelothrix	1927987
Erythrobacter	3244876
Escherichia	5140379
Eshraghiella	2521323
Ethanoligenens	3020471
Eubacterium	4069339
Euhalothece	3524308
Euzebya	6371455
Euzebyella	4707469
Evansella	4792708
Ewingella	5101916
Exiguobacterium	3090103
Ezakiella	1864280
Facklamia	2077311
Faecalibacillus	2869982
Faecalibacter	3003766
Faecalibacterium	2954627
Faecalibaculum	2542486
Falsihalocynthiibacter	3851340
Falsirhodobacter	2779574
Fannyhessea	1447017
Fastidiosipila	1785891
Fenollaria	1619975
Ferribacterium	4250232
Ferrigenium	2572603
Ferrimonas	4467734
Ferriphaselus	2717229
Ferroglobus	2196266
Ferroplasma	1881077
Ferrovibrio	4264634
Ferruginibacter	3607752
Fervidibacillus	3044253
Fervidicoccus	1319206
Fervidobacterium	2083428
Fibrobacter	3842819
Fictibacillus	4433638
Filifactor	1931012
Filimonas	7814405
Fimbriimonas	5231762
Finegoldia	1907008
Fischerella	6423777
Flagellatimonas	3608892
Flagellimonas	3908388
Flammeovirga	7102320
Flaviflexus	2594361
Flavihumibacter	4649560
Flaviramulus	3580797
Flavisolibacter	5510242
Flavivirga	5174779
Flavobacterium	3864156
Flavonifractor	4193163
Flexistipes	2526590
Flintibacter	2917795
Flocculibacter	3973578
Floricoccus	2159127
Fluviibacter	2387496
Fluviicola	4633577
Fluviispira	3668465
Fodinisporobacter	4856687
Fontisphaera	4726914
Fontisubflavum	3592879
Formicincola	1961668
Formosa	3117534
Francisella	1911636
Franconibacter	4720980
Frankia	6824261
Frateuria	3620460
Frederiksenia	2136304
Fretibacter	3450490
Frigidibacter	4987611
Frigoribacterium	3407805
Frigoriglobus	9857393
Frischella	2692351
Frondihabitans	4285511
Fructilactobacillus	1419433
Fructobacillus	1414204
Fuerstiella	8920478
Fulvitalea	7397925
Fulvivirga	6008213
Fundicoccus	3224940
Furfurilactobacillus	2862505
Fuscovulum	3945553
Fusobacterium	2388534
Galbibacter	3708790
Gallaecimonas	3753206
Gallibacterium	2629419
Gallionella	3162471
Gardnerella	1665705
Geitlerinema	4681111
Gelria	2880462
Gemella	1786517
Geminocystis	4234068
Gemmata	9294683
Gemmatimonas	4844202
Gemmatirosa	7479215
Gemmobacter	4442108
Geoalkalibacter	3717645
Geobacillus	3574681
Geobacter	3881172
Geochorda	3019339
Geodermatophilus	4975670
Geoglobus	1844810
Geomonas	4988647
Georgenia	3865819
Georhizobium	4356607
Geosporobacter	5817221
Geotalea	4544658
Geothrix	3958854
Geovibrio	2997552
Gephyromycinifex	3449783
Gibbsiella	5548506
Gilliamella	2730829
Gilvimarinus	3956837
Gimesia	7922255
Glaciecola	4134229
Glaciihabitans	3477829
Glaciimonas	5230360
Glaesserella	2356123
Gleimia	2122058
Globicatella	2594899
Gloeobacter	4828735
Gloeocapsa	5882710
Gloeocapsopsis	5618434
Gloeothece	7198058
Gluconacetobacter	3957269
Gluconobacter	3155790
Glutamicibacter	3730551
Glycocaulis	3036707
Gordonia	5212484
Gordonibacter	3294868
Gottfriedia	4690333
Gottschalkia	3108248
Gracilibacillus	4799777
Gramella	3770983
Granulibacter	2719780
Granulicatella	1942824
Granulicella	5085853
Granulosicoccus	7783862
Grimontia	4589184
Gryllotalpicola	3677803
Gudongella	2356157
Gulosibacter	3125561
Guyparkeria	2523652
Gymnodinialimonas	3741787
Gynuella	6475959
Haematobacter	4232912
Haematospirillum	2467625
Haemophilus	1896889
Hafnia	4752038
Hahella	6344601
Haladaptatus	5005388
Halalkaliarchaeum	3246125
Halalkalibacter	4610863
Halalkalibacterium	4258978
Halalkalicoccus	4003744
Halanaeroarchaeum	2416976
Halanaerobium	2461189
Halapricum	3048940
Halarchaeum	3175875
Halarcobacter	2957431
Haliangium	9446314
Halioglobus	4211397
Haliovirga	2725473
Haliscomenobacter	8771651
Haloarcula	3972941
Halobacillus	4206573
Halobacteriovorax	3328118
Halobacterium	2671493
Halobacteroides	2649255
Halobaculum	3398697
Halobellus	3587155
Halobiforma	4381543
Halocatena	4711595
Halocella	4035760
Halococcoides	2723120
Halococcus	3334429
Halodesulfurarchaeum	2029114
Haloferax	3874803
Haloferula	5677198
Halogeometricum	3969394
Haloglomus	4443849
Halohasta	3332022
Halolamina	3465332
Halomarina	4261347
Halomicrobium	3572015
Halomicrococcus	3721977
Halomicronema	5577845
Halomonas	4141989
Halomontanus	5937752
Halopenitus	3105937
Halopiger	4355268
Haloplanus	3542123
Haloprofundus	3537074
Halopseudomonas	3957233
Haloquadratum	3219918
Halorarius	4283485
Halorarum	4268357
Halorhabdus	2928801
Halorhodospira	2756506
Halorientalis	3915734
Halorubrum	3328325
Halorussus	4238839
Halosegnis	2811024
Halosimplex	4750077
Halosolutus	4908279
Halostagnicola	4131176
Halotalea	4387428
Haloterrigena	4860078
Halothece	4179170
Halothermothrix	2578146
Halothiobacillus	2745925
Halotia	7116433
Halovenus	3769933
Halovivax	3680520
Hankyongella	2880809
Hanseniaspora	9155137
Haploplasma	1883099
Hartmannibacter	5449775
Hathewaya	2740791
Helcobacillus	2548098
Helcococcus	1773424
Helicobacter	1646058
Helicovermis	3122901
Heliomicrobium	3075407
Heliorestis	3218981
Herbaspirillum	5510126
Herbiconiux	4005723
Herbinix	2609352
Herminiimonas	3784322
Heyndrickxia	3721278
Hippea	1694430
Hirschia	3540114
Histophilus	2131340
Hoeflea	4974729
Homoserinibacter	2881328
Horticoccus	4320198
Hoylesella	3159183
Hoyosella	4863490
Hujiaoplasma	1808583
Humibacter	4183638
Humisphaera	7189892
Hungatella	6296958
Hwangdonia	3906595
Hydrocarboniclastica	4258501
Hydrogenibacillus	2659005
Hydrogenimonas	2401260
Hydrogenobacter	1726339
Hydrogenobaculum	1554151
Hydrogenophaga	5149048
Hydrogenophilus	2288780
Hydrogenovibrio	2519148
Hymenobacter	5142629
Hypericibacter	5879682
Hyperthermus	1667163
Hyphobacterium	2690927
Hyphococcus	3472649
Hyphomicrobium	4213430
Hyphomonas	3625153
Hyphopichia	12496550
Iamia	4913266
Ichthyobacterium	1921407
Ideonella	4544016
Idiomarina	2752791
Ignatzschineria	2819033
Ignavibacterium	3658997
Ignavigranum	1949382
Ignicoccus	1459086
Ilumatobacter	4830181
Ilyobacter	3132314
Immundisolibacter	3243537
Imperialibacter	6747663
Imtechella	3113111
Indioceanicola	5374982
Infirmifilum	1625846
Inhella	4084412
Intestinibacillus	3035319
Intestinibacter	3006269
Intestinibaculum	3212924
Intestinimonas	3300490
Intrasporangium	4024713
Iocasia	3926493
Iodobacter	4232705
Isoalcanivorax	4168427
Isoptericola	3570471
Isorropodon	1447997
Isosphaera	5529304
Janibacter	3465419
Jannaschia	3772399
Janthinobacterium	6070712
Jatrophihabitans	4354654
Jejubacter	5182800
Jeongeupia	3593728
Jeotgalibaca	2426113
Jeotgalicoccus	2238212
Jiella	5945794
Jonesia	2759434
Kaistella	3007310
Kaistia	5352285
Kangiella	2636722
Kaustia	4630536
Keratinibaculum	2307997
Kerstersia	3945801
Ketobacter	4914503
Ketogulonicigenium	3130551
Kibdelosporangium	11759770
Kineobactrum	4649503
Kineococcus	5071811
Kineothrix	4329371
Kingella	2148560
Kiritimatiella	2949723
Kitasatospora	8612753
Klebsiella	5696289
Kluyvera	5006724
Kluyveromyces	10830272
Knoellia	4163720
Kocuria	3133686
Koleobacter	3102782
Komagataeibacter	3700715
Komagataella	9383226
Kordia	5491688
Kordiimonas	3798051
Kosakonia	5117182
Kosmotoga	2235648
Kovacikia	8564336
Kozakia	3316508
Kribbella	8459282
Kroppenstedtia	3455405
Ktedonosporobacter	11340617
Kurthia	3064526
Kushneria	3625478
Kutzneria	10632004
Kyrpidia	3330490
Kytococcus	2653991
Labilibaculum	5718991
Labilithrix	12191466
Labrenzia	6495208
Labrys	7551292
Laceyella	3383707
Lachnoanaerobaculum	2899980
Lachnoclostridium	4174174
Lachnospira	2772782
Lacibacter	5119652
Lacimicrobium	4378835
Lacinutrix	3609626
Lacipirellula	6922258
Lacrimispora	4879749
Lacticaseibacillus	3052584
Lactiplantibacillus	3329126
Lactobacillus	2028761
Lactococcus	2401614
Lacunisphaera	4199284
Lancefieldella	1571863
Lapidilactobacillus	1836976
Laribacter	3339291
Larkinella	6564943
Latilactobacillus	2007723
Lautropia	3167019
Lawsonella	1887852
Lawsonia	1712413
Lawsonibacter	3126090
Leadbettera	3855671
Leadbetterella	4059653
Leclercia	5012127
Lederbergia	4384366
Leeuwenhoekiella	4024261
Legionella	3501501
Leifsonia	3763301
Leisingera	4658477
Lelliottia	4702842
Leminorella	4096025
Lentibacillus	3882125
Lentibacter	3128031
Lentilactobacillus	2495688
Lentilitoribacter	3910419
Lentisphaera	5457903
Lentzea	10004929
Leptodesmis	5348817
Leptogranulimonas	2001235
Leptolyngbya	6112316
Leptospira	4508649
Leptospirillum	2501401
Leptothermofonsia	6426061
Leptothrix	4909403
Leptotrichia	2404936
Leucobacter	3290112
Leuconostoc	1965388
Levilactobacillus	2639134
Lewinella	7507556
Liberibacter	1513389
Lichenicola	6061304
Lichenihabitans	4533901
Ligilactobacillus	2143153
Lignipirellula	9565229
Limihaloglobus	3868357
Limimaricola	4222525
Limnobacter	3417068
Limnobaculum	4236857
Limnochorda	3817036
Limnoglobus	9378099
Limnohabitans	2867677
Limnospira	6423694
Limosilactobacillus	2111460
Liquorilactobacillus	2605492
Listeria	2968061
Litorilituus	4275717
Litorivicinus	2346037
Loigolactobacillus	2915399
Loktanella	3950642
Lonepinella	2188187
Longicatena	3103757
Lonsdalea	3906377
Luteibacter	4782999
Luteimicrobium	4208275
Luteimonas	3142273
Luteipulveratus	5420910
Luteitalea	6974649
Luteithermobacter	3145891
Luteolibacter	6043996
Lutibacter	3641908
Lutimonas	3534456
Lysinibacillus	4776326
Lysinibacter	2918483
Lysobacter	4609441
Macrococcoides	2303085
Macrococcus	2245419
Mageeibacillus	1809746
Magnetococcus	4719581
Magnetospira	4052370
Magnetospirillum	4444325
Mahella	3135972
Maioricimonas	7744989
Malaciobacter	2842546
Malacoplasma	1295882
Malassezia	7973772
Maliibacterium	2422126
Mameliella	5832665
Mammaliicoccus	2809350
Mangrovibacillus	3153416
Mangrovibacter	5765145
Mangrovimonas	3823913
Mangrovivirga	4661901
Mannheimia	2594420
Maribacter	4272787
Maribellus	7811310
Maricaulis	3255589
Marichromatium	3779112
Maridesulfovibrio	4289847
Mariluticola	3446865
Marinagarivorans	5311067
Mariniblastus	6570840
Marinicauda	3424851
Mariniflexile	4689876
Marinilactibacillus	2767908
Marinilongibacter	4635932
Marinimicrobium	4207651
Mariniplasma	1898628
Marinithermus	2269167
Marinitoga	2326405
Marinobacter	4410092
Marinobacterium	4073726
Marinomonas	4277575
Marinovum	5477406
Mariprofundus	2419637
Marisediminicola	3352609
Maritalea	3703346
Marivirga	4385433
Marivivens	3154228
Marixanthomonas	2959668
Marnyiella	2613493
Martelella	5425437
Marvinbryantia	4577574
Massilia	6112107
Massilistercora	2769591
Mediterraneibacter	3435465
Megamonas	2393587
Megasphaera	2615019
Megavirus	1248743
Meiothermus	3085399
Melaminivora	3711388
Melioribacter	3300414
Melissococcus	2072468
Melittangium	9910441
Mergibacter	1886930
Mesobacillus	4974123
Mesoflavibacter	3034103
Mesomycoplasma	1067003
Mesorhizobium	6914818
Mesoterricola	4759641
Mesotoga	2970806
Metabacillus	5317541
Metallosphaera	2198956
Metallumcola	3720236
Metasolibacillus	3860435
Methanimicrococcus	2010282
Methanobacterium	2466450
Methanobrevibacter	2116021
Methanocaldococcus	1607889
Methanocella	2838663
Methanococcoides	2487943
Methanococcus	1722485
Methanocorpusculum	1804962
Methanoculleus	2532054
Methanofervidicoccus	1504113
Methanofollis	2746416
Methanogenium	2581040
Methanohalobium	2406232
Methanohalophilus	2017691
Methanolacinia	2843290
Methanolapillus	1932410
Methanolobus	2806406
Methanomethylophilus	1666781
Methanomethylovorans	2714013
Methanomicrobium	2438126
Methanonatronarchaeum	1477246
Methanoplanus	2737775
Methanopyrus	1694969
Methanoregula	2681900
Methanosalsum	2138444
Methanosarcina	4318135
Methanosphaera	2270765
Methanosphaerula	2922917
Methanospirillum	3487473
Methanothermobacter	1697162
Methanothermococcus	1691975
Methanothrix	2492383
Methanotorris	1854197
Methylacidimicrobium	2336119
Methylacidiphilum	2247958
Methylibium	4292388
Methylobacillus	2971517
Methylobacter	4940356
Methylobacterium	6685733
Methylocaldum	5492144
Methylocapsa	4151390
Methyloceanibacter	3317468
Methylocella	4383367
Methylococcus	3644115
Methylocystis	4323581
Methylogaea	4018824
Methyloligella	3230794
Methylomagnum	5199498
Methylomarinovum	2568615
Methylomarinum	4771325
Methylomicrobium	4493006
Methylomonas	4896498
Methylomusa	4781198
Methylophaga	3122393
Methylophilus	3048178
Methyloradius	2800413
Methylorubrum	5830445
Methylosinus	5024345
Methylotenera	2803720
Methylotuvimicrobium	4932855
Methyloversatilis	3937190
Methylovirgula	4020696
Methylovorus	2972199
Methylovulum	4923400
Meyerozyma	10374816
Micavibrio	2470296
Microbacterium	3541292
Microbispora	8323335
Microbulbifer	4530862
Microcella	2677665
Micrococcus	2550985
Microcystis	5188656
Microlunatus	5239409
Micromonospora	7144717
Micropruina	3844677
Microterricola	3689726
Microvenator	5847748
Microvirga	6875829
Miltoncostaea	3956195
Mimivirus	1189594
Miniimonas	3772642
Miniphocaeibacter	2394777
Minwuia	4238063
Mitsuaria	6085092
Mixta	4516445
Mobiluncus	2169963
Modestobacter	4899815
Moellerella	3898166
Mogibacterium	1781536
Mongoliitalea	4816617
Monoglobus	2810259
Monosporozyma	13468544
Moorella	2694993
Moorena	9684298
Moraxella	2517778
Morganella	4052374
Moritella	4841935
Morococcus	2574276
Moumouvirus	1057423
Mucilaginibacter	6367843
Mucisphaera	3486541
Mucispirillum	2347083
Mumia	4419716
Murdochiella	1671491
Muribaculum	3306457
Muricauda	4750728
Muriicola	3067493
Musicola	4679450
Mycetocola	3286416
Mycetohabitans	3584374
Mycoavidus	2288620
Mycobacterium	4777245
Mycobacteroides	5105313
Mycolicibacillus	4045962
Mycolicibacter	4615591
Mycolicibacterium	6157374
Mycoplasma	1069777
Mycoplasmoides	1046820
Mycoplasmopsis	1064626
Myroides	3884410
Myxococcus	9436697
Naasia	3391135
Nakamurella	4954168
Nakaseomyces	12714934
Nanchangia	1907497
Nannocystis	13228663
Natranaeroarchaeum	3041127
Natranaerobius	3203074
Natranaerofaba	3264732
Natrarchaeobaculum	3857764
Natrialba	4443643
Natrialbaceae	3358102
Natribaculum	4611642
Natrinema	4589781
Natronobacterium	3788356
Natronobeatus	4208668
Natronococcus	4741947
Natronoglycomyces	4012379
Natronomonas	3377726
Natrononativus	3986100
Natronorubrum	4188897
Natronosalvus	4091218
Natronosporangium	5699854
Nautilia	1733772
Ndongobacter	1864878
Neisseria	2238883
Neoasaia	3407860
Neobacillus	5533707
Neochlamydia	2817974
Neoehrlichia	1236503
Neokomagataea	2577002
Neomicrococcus	2667837
Neopusillimonas	3284569
Neorhizobium	5942181
Neotabrizicola	4392453
Neptuniibacter	4113600
Neptunomonas	3828736
Nesterenkonia	2695715
Nguyenibacter	4294433
Niabella	5289421
Niallia	5315345
Niastella	9033684
Nibribacter	4352178
Nibricoccus	4730447
Nicoliella	2053587
Nisaea	4746001
Nitratidesulfovibrio	3872671
Nitratifractor	2101285
Nitratireductor	4314568
Nitratiruptor	1869553
Nitrincola	4172991
Nitrobacter	4206807
Nitrogeniibacter	4490835
Nitrosarchaeum	1720730
Nitrosococcus	3765824
Nitrosomonas	3444281
Nitrosophilus	1890142
Nitrosopumilus	1737784
Nitrososphaera	2523868
Nitrosospira	3335709
Nitrospina	3011914
Nitrospira	4478871
Nitrospirillum	7382386
Niveibacterium	5013134
Niveispirillum	6048780
Nocardia	7913932
Nocardioides	4376672
Nocardiopsis	6724668
Nodularia	5419142
Nonlabens	3185541
Nonomuraea	10858485
Nordella	7184314
Nosocomiicoccus	1636288
Nostoc	7974510
Nostocoides	3482451
Novacetimonas	3527674
Novibacillus	3629225
Noviherbaspirillum	4718988
Novisyntrophococcus	3420321
Novosphingobium	4950785
Novosphingopyxis	3191507
Obesumbacterium	5011796
Occallatibacter	6794547
Occultella	5648255
Oceanicaulis	2992841
Oceanicoccus	4472079
Oceanicola	4053612
Oceanidesulfovibrio	4761435
Oceanihabitans	3475698
Oceanimonas	3559825
Oceaniradius	3664187
Oceanirhabdus	5775129
Oceanisphaera	3370335
Oceanispirochaeta	4012482
Oceanithermus	2439291
Oceanobacillus	4509938
Oceanotoga	2841299
Ochrobactrum	5645291
Octadecabacter	4289842
Odoribacter	4392232
Oecophyllibacter	1945529
Oenococcus	1845661
Oerskovia	4357994
Ogataea	8980874
Okeanomitos	5323117
Oleidesulfovibrio	3730232
Oleiphilus	6379281
Oligella	2641563
Olivibacter	6270157
Olleya	3909809
Olsenella	2480739
Opitutus	5957605
Oricola	3998539
Orientia	2191021
Ornithinibacillus	3837796
Ornithinimicrobium	3828798
Ornithobacterium	2385639
Orrella	3959714
Oryzisolibacter	3842277
Oryzomicrobium	3526415
Oscillatoria	8038262
Oscillibacter	3320462
Ostreococcus	13204888
Otariodibacter	2019124
Ottowia	3689803
Owenweeksia	4000057
Oxalobacter	2392643
Oxynema	6357750
Pacificitalea	3956796
Paenacidovorax	4679990
Paenalcaligenes	2725648
Paenalkalicoccus	4040495
Paenarthrobacter	4679085
Paenibacillus	6481019
Paeniglutamicibacter	4173408
Paenimyroides	2961016
Paenisporosarcina	3379629
Palaeococcus	1859370
Palleronia	3606601
Paludibacter	3685504
Paludibacterium	3930973
Paludibaculum	9532094
Paludicola	2937905
Paludisphaera	7651896
Panacibacter	5528026
Pandoraea	5558949
Pandoravirus	1991057
Pannonibacter	5600178
Pantoea	4903404
Parabacteroides	5232188
Paraburkholderia	8517059
Parachlamydia	3072383
Paracholeplasma	1877792
Paracidovorax	5196119
Paraclostridium	3607700
Paracoccus	4160544
Paraconexibacter	5457055
Paracrocinitomix	4365762
Paradevosia	4629545
Paraflavitalea	8493263
Parafrankia	8982042
Parageobacillus	3811532
Paraglaciecola	5182881
Paralcaligenes	4450628
Paraliobacillus	3728451
Paralysiella	2905699
Paramagnetospirillum	4967148
Paramicrobacterium	3622339
Paramixta	4705628
Paramuribaculum	3056428
Paraneptunicella	4913533
Paraoerskovia	3516604
Paraphotobacterium	2593992
Paraprevotella	4080155
Pararhizobium	5438500
Pararhodospirillum	3876289
Pararoseomonas	5592142
Parasaccharibacter	2012854
Parascardovia	1890857
Parasedimentitalea	5043407
Parashewanella	4845470
Parasphaerochaeta	2227296
Parasphingopyxis	3316607
Parasphingorhabdus	3481133
Parasynechococcus	2434428
Paraurantiacibacter	2591679
Parazoarcus	4729507
Paremcibacter	4189011
Paroceanicella	5468583
Parolsenella	1796691
Parvibaculum	3914745
Parvicella	3980026
Parvimonas	1657480
Parvularcula	3134932
Pasteurella	2356259
Paucibacter	5344102
Paucilactobacillus	2321698
Pectinatus	2881049
Pectobacterium	4901539
Pediococcus	1982504
Pedobacter	5839097
Pelagerythrobacter	3039155
Pelagibacterium	3958675
Pelagovum	3565580
Pelistega	2326689
Pelobacter	4241119
Pelodictyon	2691540
Pelolinea	3519887
Pelosinus	5248113
Pengzhenrongella	4395128
Peptacetobacter	2528297
Peptoclostridium	3055036
Peptoniphilus	1823954
Peptostreptococcus	1995029
Peredibacter	4153408
Peribacillus	5526935
Periweissella	3020651
Permianibacter	4266648
Persephonella	1983966
Persicimonas	8047206
Persicobacter	6148614
Peterkaempfera	7959842
Peteryoungia	4370591
Petrimonas	3717632
Petrocella	3518882
Petroclostridium	5512510
Petrotoga	2169548
Phaeobacter	4300501
Phascolarctobacterium	2451065
Phenylobacterium	4283605
Phnomibacter	4372196
Phocaeicola	5242455
Phoenicibacter	1447956
Phormidium	5542925
Photobacterium	4872323
Photorhabdus	5509957
Phototrophicus	5631885
Phreatobacter	5924558
Phycicoccus	3655241
Phycisphaera	3884382
Phyllobacterium	5437927
Phytobacter	5962513
Phytohabitans	9877861
Pichia	11188022
Picochlorum	8915819
Picosynechococcus	3357977
Picrophilus	1545895
Pigmentibacter	3654982
Pigmentiphaga	6018578
Pikeienuella	4373045
Pimelobacter	6056634
Pirellula	6365167
Pirellulimonas	6618662
Piscinibacter	6345623
Piscirickettsia	3500328
Pistricoccus	3781193
Planctellipticum	7276092
Planctobacterium	4872183
Planctomyces	7613716
Planctopirus	5337073
Planktomarina	3288122
Planktothricoides	7215835
Planktothrix	5182795
Planococcus	3602579
Plantactinospora	7803514
Plantibacter	4196562
Pleionea	4422012
Pleomorphomonas	5476363
Plesiomonas	3755598
Pleurocapsa	5208178
Pluralibacter	5435281
Pneumocystis	7303369
Polaribacter	3732445
Polaromonas	4913777
Pollutimonas	3700113
Polyangium	12320079
Polycladomyces	3197230
Polymorphobacter	4844875
Polymorphospora	8365212
Polymorphum	4718963
Polynucleobacter	1920059
Polystyrenella	6125480
Pontibacillus	4286409
Pontibacter	5329591
Pontibrevibacter	3575444
Ponticoccus	5091427
Pontimicrobium	3438245
Pontimonas	1760810
Pontivivens	4199362
Porifericola	5487627
Poriferisphaera	4291168
Porphyrobacter	3455043
Porphyromonas	2394764
Poseidonibacter	3217550
Powai	1208707
Pradoshia	3934149
Pragia	4066666
Prauserella	6986413
Prescottella	5254068
Prevotella	3132067
Priestia	5405370
Prochlorococcus	1880220
Prodigiosinella	4971756
Profundibacter	3558757
Promethearchaeum	4324194
Promicromonospora	5224924
Propionibacterium	2664367
Propioniciclava	3644053
Propionimicrobium	3289007
Prosthecochloris	2612456
Protaetiibacter	2871269
Proteiniborus	3881360
Proteiniclasticum	3691162
Proteiniphilum	4160841
Proteinivorax	2962422
Proteus	4105867
Providencia	4569638
Prymnesium	1421182
Pseudactinotalea	3652490
Pseudalgibacter	3994770
Pseudalkalibacillus	4195415
Pseudanabaena	5129179
Pseudarthrobacter	4604533
Pseudazoarcus	3225512
Pseudemcibacter	3369470
Pseudescherichia	4653761
Pseudidiomarina	2704554
Pseudoalteromonas	4736455
Pseudobacter	7797595
Pseudobdellovibrio	2657893
Pseudobutyrivibrio	3584491
Pseudochrobactrum	3868465
Pseudocitrobacter	5015040
Pseudoclavibacter	2009013
Pseudocnuella	4804510
Pseudodesulfovibrio	3854431
Pseudoduganella	6750018
Pseudofrankia	8815781
Pseudogemmatithrix	3259071
Pseudoglutamicibacter	2148950
Pseudogulbenkiania	4332995
Pseudohongiella	3345119
Pseudolabrys	4517519
Pseudoleptotrichia	2290729
Pseudolysobacter	4728975
Pseudomonas	6426963
Pseudonocardia	7087758
Pseudooceanicola	4249417
Pseudopedobacter	4635236
Pseudophaeobacter	5049099
Pseudoprevotella	2920169
Pseudorhizobium	4663241
Pseudorhodobacter	4246983
Pseudorhodoplanes	5971615
Pseudoroseicyclus	3472838
Pseudoroseomonas	4625450
Pseudosulfitobacter	4904565
Pseudothauera	3059321
Pseudothermotoga	2135145
Pseudoxanthomonas	3913890
Psychrobacillus	4121453
Psychrobacter	3190105
Psychroflexus	3438877
Psychromicrobium	3599434
Psychromonas	3734264
Psychroserpens	4174419
Psychrosphaera	3190796
Pukyongia	3182272
Pukyongiella	4262966
Pullulanibacillus	4801000
Pulveribacter	3358427
Pusillibacter	3407680
Pusillimonas	3558354
Pyramidobacter	2740975
Pyrobaculum	2069502
Pyrococcus	1834134
Pyrodictium	2124027
Pyrofollis	2005174
Pyrolobus	1843267
Pyruvatibacter	3333914
Qiania	3084832
Qingshengfaniella	3928515
Qipengyuania	3002571
Quatrionicoccus	4171110
Radiobacillus	3823582
Rahnella	5431858
Raineyella	3748377
Ralstonia	5610044
Ramlibacter	4484344
Raoultella	5862136
Raoultibacter	4016761
Rasiella	3388965
Rathayibacter	3490183
Reichenbachiella	4643444
Reinekea	3660060
Renibacterium	3155270
Rheinheimera	3928781
Rhizobium	6895618
Rhizorhabdus	5314091
Rhizosphaericola	4701441
Rhodanobacter	4008634
Rhodobacter	3923644
Rhodococcoides	5344550
Rhodococcus	6571400
Rhodocytophaga	8983451
Rhodoferax	4680792
Rhodoligotrophos	4813108
Rhodoluna	1393737
Rhodomicrobium	3877068
Rhodophyticola	3882560
Rhodopirellula	7218496
Rhodoplanes	8193889
Rhodopseudomonas	5502444
Rhodospirillum	4380332
Rhodothermus	3397948
Rhodovastum	7423543
Rhodovulum	4295131
Richelia	5729487
Rickettsia	1331052
Rickettsiales	1738386
Rickettsiella	1721936
Riemerella	2251622
Rippkaea	4787694
Rivularia	8728773
Robbsia	6574329
Robiginitalea	3530383
Rodentibacter	2552185
Romboutsia	3116687
Roseateles	5948152
Roseburia	3791721
Roseibacterium	3555109
Roseibium	6656182
Roseicitreum	4253095
Roseicyclus	3552491
Roseiflexus	5762448
Roseimaritima	7714552
Roseimicrobium	7957748
Roseinatronobacter	4172632
Roseitalea	3539672
Roseivirga	4479953
Roseivivax	4278012
Roseobacter	4440525
Roseococcus	4208010
Roseomonas	5105629
Roseovarius	4247806
Rosistilla	7250512
Rossellomorea	4493323
Rothia	2457323
Rouxiella	5025966
Ruania	4345556
Rubellicoccus	5798774
Rubinisphaera	6006602
Rubripirellula	8542491
Rubrivivax	5043253
Rubrobacter	3599832
Ruegeria	4379220
Rufibacter	4792666
Ruficoccus	3759138
Rugamonas	6763819
Rugosibacter	2934611
Ruicaihuangia	2610157
Ruminiclostridium	4638087
Ruminococcus	3039817
Rummeliibacillus	3332399
Runella	7231880
Ruoffia	2363336
Ruthenibacterium	4419852
Saccharibacillus	5619468
Saccharobesus	5871129
Saccharolobus	2778819
Saccharomonospora	4511000
Saccharomyces	11512671
Saccharomycopsis	14148124
Saccharophagus	5117956
Saccharopolyspora	7776710
Saccharospirillum	3686911
Saccharothrix	9512799
Sagittula	5518966
Salaquimonas	3357577
Salarchaeum	2431326
Salegentibacter	3947165
Salicibibacter	3930866
Salidesulfovibrio	3886744
Salimicrobium	2741307
Salinarchaeum	2955969
Salinibacter	3739938
Salinibacterium	3005445
Salinibaculum	3860670
Salinicoccus	2698161
Salinicola	4405261
Salinigranum	4939762
Salinilacihabitans	3622565
Salinimicrobium	3606320
Salinimonas	4122118
Saliniradius	3214946
Salinirubellus	4852143
Salinisphaera	4141708
Salinispira	3782798
Salinispirillum	3469599
Salinispora	5183331
Salinivibrio	3531586
Salinivirga	4812386
Salipaludibacillus	4525667
Salipiger	5578581
Salisediminibacterium	3582268
Salmonella	4911860
Samba	1181380
Sandaracinobacteroides	3364212
Sandaracinus	10645566
Sanguibacter	3973587
Sanyastnella	4097636
Saprospira	4314223
Sarcina	2641856
Saxibacter	4048523
Scandinavium	4713964
Scardovia	1797862
Schaalia	2307407
Schizosaccharomyces	11416521
Schlegelella	3348564
Schleiferilactobacillus	3369101
Schlesneria	7067087
Scrofimicrobium	2221980
Sebaldella	4486650
Secundilactobacillus	3205243
Sedimentibacter	3259696
Sedimenticola	3962284
Sedimentisphaera	3071952
Sediminibacillus	4100703
Sediminibacterium	3096065
Sediminicoccus	5024808
Sediminicola	3569807
Sediminispirochaeta	4653970
Segatella	3615138
Segniliparus	3157527
Selenobaculum	2679003
Selenomonas	2638492
Sellimonas	3200718
Seohaeicola	4275009
Seonamhaeicola	3610312
Serinicoccus	3489205
Serpentinimonas	2598624
Serratia	5263407
Shewanella	4878392
Shigella	4891613
Shimwellia	4155243
Shinella	5861159
Shouchella	4206618
Siansivirga	3303986
Siccibacter	4133577
Sideroxyarcus	2738141
Sideroxydans	3388256
Silicimonas	4351658
Silvimonas	4508233
Simiaoa	3572951
Simiduia	4132138
Siminovitchia	4277599
Simkania	2628375
Simonsiella	2476128
Simplicispira	4154448
Sinanaerobacter	3370808
Singulisphaera	9755686
Sinimarinibacterium	3200809
Sinomicrobium	5364211
Sinomonas	4398476
Sinorhizobium	6909617
Skermanella	7259824
Skermania	4230116
Slackia	3165598
Sneathia	1319250
Sneathiella	4004533
Snodgrassella	2403942
Sodaliphilus	3340670
Sodalis	4365934
Solibacillus	3963296
Solibaculum	2541474
Solidesulfovibrio	5002244
Solimonas	5373342
Solitalea	5202069
Solobacterium	2615268
Sorangium	13798185
Spartinivicinus	6687090
Sphaerobacter	3993764
Sphaerochaeta	3487407
Sphaerotilus	5244505
Sphingobacterium	5381824
Sphingobacteruim	4322926
Sphingobium	5015869
Sphingomonas	3879637
Sphingopyxis	4414884
Sphingorhabdus	3407188
Sphingosinicella	4880592
Sphingosinithalassobacter	3526818
Spiractinospora	5864354
Spiribacter	2333962
Spirillospora	8260921
Spirobacillus	2806830
Spirochaeta	2772907
Spiroplasma	1502740
Spirosoma	7295735
Spongiibacter	3758140
Sporolactobacillus	3274283
Sporomusa	5578673
Sporosarcina	3731173
Stackebrandtia	6841557
Stanieria	5544990
Staphylococcus	2769402
Staphylospora	2751094
Staphylothermus	1575416
Stappia	5116759
Starkeya	6286188
Stella	5832650
Stenotrophomonas	4619624
Steroidobacter	3467246
Stieleria	9719866
Stigmatella	10260756
Stomatobaculum	2151431
Streptacidiphilus	8501273
Streptantibioticus	8094034
Streptobacillus	1679604
Streptococcus	2035764
Streptomonospora	5814190
Streptomyces	8874547
Streptosporangium	9836551
Streptoverticillium	8809793
Stutzerimonas	4612989
Stygiolobus	2472739
Subdoligranulum	3244954
Subtercola	3766611
Succinivibrio	3159245
Suicoccus	2572159
Sulfidibacter	11786365
Sulfitobacter	3977902
Sulfobacillus	3094311
Sulfodiicoccus	2353189
Sulfolobus	2517532
Sulfuracidifex	2429257
Sulfuricaulis	2864672
Sulfuricella	3217213
Sulfuricurvum	2819357
Sulfuricystis	2774387
Sulfuriferula	3268270
Sulfuriflexus	3111340
Sulfurifustis	3958814
Sulfurihydrogenibium	1739659
Sulfurimicrobium	3826324
Sulfurimonas	2390549
Sulfuriroseicoccus	3496488
Sulfurisphaera	2689444
Sulfuritalea	3802648
Sulfuritortus	2720636
Sulfurivermis	3246214
Sulfurospirillum	2760002
Sulfurovum	2430784
Superficieibacter	4876439
Sutcliffiella	4709312
Sutterella	2913187
Suttonella	1989117
Swingsia	2193407
Symbiobacterium	3566135
Symbiopectobacterium	4942431
Symmachiella	7767809
Synechococcus	2727530
Synechocystis	3738233
Synoicihabitans	5926369
Syntrophobacter	4990251
Syntrophobotulus	3406739
Syntrophomonas	2936195
Syntrophotalea	3363470
Syntrophothermus	2405559
Syntrophus	3179300
Tabrizicola	4387422
Tamlana	3930892
Tannerella	3280751
Tannockella	2260890
Tardibacter	3787976
Tardiphaga	6250980
Tateyamaria	4315457
Tatumella	3946408
Taurinivorans	2172708
Taylorella	1675129
Telluria	7444617
Tellurirhabdus	5262164
Telmatobacter	5987865
Telmatocola	6592641
Temperatibacter	3184799
Tenacibaculum	3436618
Tenuifilum	3195778
Tepidanaerobacter	2760559
Tepidibacillus	2965063
Tepidibacter	3914171
Tepidiforma	2757467
Tepidimonas	2915587
Tepiditoga	2502404
Terasakiella	3832570
Teredinibacter	5110920
Termitidicoccus	7922482
Terrabacter	4628914
Terribacillus	3509056
Terricaulis	3864763
Terriglobus	5576222
Terrihabitans	3114641
Terrirubrum	6384545
Terrisporobacter	4101856
Tessaracoccus	3314839
Tetragenococcus	2534146
Thalassobaculum	5646840
Thalassococcus	5001896
Thalassolituus	3995949
Thalassomonas	7296733
Thalassospira	4650800
Thalassotalea	3939001
Thalassovita	3985688
Thauera	4264014
Thaumasiovibrio	5557717
Theileria	9712837
Thermacetogenium	2939057
Thermaerobacter	2926488
Thermanaerosceptrum	3805411
Thermanaerovibrio	1848474
Thermatribacter	2269744
Thermincola	3157416
Thermoactinomyces	2616768
Thermoanaerobacter	2538205
Thermoanaerobacterium	2769368
Thermobacillus	4355525
Thermobaculum	3101581
Thermobifida	4453146
Thermobispora	4288406
Thermocaproicibacter	1960795
Thermochromatium	2958290
Thermoclostridium	3031660
Thermococcus	1994378
Thermocoleostomius	5809202
Thermocrinis	1510807
Thermodesulfatator	2322224
Thermodesulfobacterium	1742767
Thermodesulfobium	1836829
Thermodesulfomicrobium	2357780
Thermodesulfovibrio	1919446
Thermofilum	1732457
Thermogladius	1356318
Thermogutta	4810751
Thermoleophilum	2112804
Thermoleptolyngbya	5507741
Thermomicrobium	2920744
Thermomonas	3076426
Thermomonospora	6219579
Thermophilibacter	2163714
Thermoplasma	1574855
Thermoproteus	1888802
Thermosediminibacter	2280035
Thermosipho	1896377
Thermosphaera	1310850
Thermospira	2515453
Thermostichus	2659739
Thermosulfidibacter	1816670
Thermosulfurimonas	1763258
Thermosulfuriphilus	2287345
Thermosynechococcus	2663504
Thermotoga	1882809
Thermotomaculum	2317141
Thermovibrio	1759526
Thermus	2254171
Thioalkalivibrio	3435610
Thiobacillus	2960395
Thiocapsa	5649927
Thioclava	4186964
Thiocystis	5017071
Thioflavicoccus	4137521
Thiohalobacter	3254122
Thiolapillus	3153637
Thiomicrorhabdus	2565166
Thiomicrospira	2326142
Thiomonas	3343428
Thiopseudomonas	2394495
Thiorhodovibrio	5454122
Thiosocius	4790451
Thiospirochaeta	3700583
Thiosulfatimonas	2722826
Thiosulfativibrio	2645427
Thiothrix	4103842
Thomasclavelia	3409999
Tichowtungia	3882676
Tissierella	3419699
Tistrella	6376847
Tolumonas	3471292
Tolypothrix	9668624
Tomitella	4183547
Torulaspora	9546460
Trabulsiella	4702252
Treponema	2583097
Trichlorobacter	3685690
Trichodesmium	7750108
Trichormus	7100882
Trichothermofontia	4436989
Trinickia	7251682
Tritonibacter	4404153
Tropicibacter	4147834
Truepera	3260416
Trueperella	2300223
Tsukamurella	4728270
Tsuneonella	3087409
Tumebacillus	4883366
Tunicatimonas	7291608
Turicibacter	2700765
Turneriella	4409302
Tuwongella	6690754
Undibacterium	5477762
Urbifossiella	7795793
Urechidicola	3426122
Ureibacillus	3220959
Uruburuella	2839554
Usitatibacter	4260976
Vaginimicrobium	2010679
Vagococcus	2310094
Vallitalea	5975778
Vandammella	3431938
Varibaculum	2211690
Variibacter	4586237
Variovorax	6870350
Varunaivibrio	3066297
Veillonella	2134373
Venatoribacter	2829133
Verminephrobacter	5597943
Verrucomicrobium	8220857
Verrucosispora	7278285
Vescimonas	2531083
Vibrio	5005684
Virgibacillus	4135680
Viridibacillus	4526142
Vitreoscilla	3197431
Vogesella	3889382
Vreelandella	4613162
Vulcanimicrobium	3508363
Vulcanisaeta	2368422
Vulgatibacter	4350553
Waddlia	2131905
Wansuia	3949724
Weeksella	2280043
Weissella	2087278
Weizmannia	3535564
Wenyingzhuangia	3427057
Wenzhouxiangella	3759949
Wielerella	2356854
Williamsia	4711874
Williamsoniiplasma	1031560
Winkia	2261938
Winogradskyella	4191093
Winslowiella	5014558
Woeseia	4059891
Wohlfahrtiimonas	2132017
Wolbachia	1428014
Wolinella	2130402
Wujia	2942917
Xanthobacter	6021586
Xanthomonas	5040813
Xenorhabdus	4367482
Xiamenia	2263463
Xiashengella	3101014
Xylanibacter	3529449
Xylanimonas	3846667
Xylella	2666982
Xylocopilactobacillus	2291795
Xylophilus	5500450
Yamadazyma	10831699
Yersinia	4567038
Yimella	3211201
Yinghuangia	8343587
Yokenella	5219152
Yoonia	4020726
Youhaiella	4430734
Zhaonella	3314304
Zhongshania	4204359
Zhouia	4040482
Zobellella	4187820
Zobellia	5234350
Zophobihabitans	2666483
Zunongwangia	4411217
Zygotorulaspora	10412516
Zymobacter	3028543
Zymomonas	2154130
endosymbiont	1826179
secondary	1281367
synthetic	3800036
unidentified	3212396
